{"posts":[{"id":1763994851773,"title":"How to Start a Successful Blog in 2024 and Make Money Online","image":"https://i.ibb.co/Y7tJXWRp/1000085501.jpg","category":"Tools","desc":"https://www.mediafire.com/file/89dpkuuajpitvdp/MediaFire_-_Getting_Started.pdf/file"}],"apks":[{"name":"Ghost bot V14","ver":"9.1","size":"2.MB","icon":"https://i.ibb.co/Y71T0W7y/1000085428.jpg","link":"https://www.mediafire.com/file/89dpkuuajpitvdp/MediaFire_-_Getting_Started.pdf/file"},{"name":"Ghost bot V14","ver":"9.1","size":"2.MB","icon":"https://i.ibb.co/Y71T0W7y/1000085428.jpg","link":"https://www.mediafire.com/file/89dpkuuajpitvdp/MediaFire_-_Getting_Started.pdf/file"}],"custom_links":[{"title":"Image to URL converter","url":"https://pk.gamer.gd/"}],"videos":[{"id":"7ToblkrD-wM"},{"id":"Ywv6rNN6awU"},{"id":"O2UIU1VmsgE"}],"ads":{"300":"","320":"","468":"","728":"","native":""},"socials":{"yt":"https://youtube.com/@smarttagspro","fb":"","ig":"https://www.instagram.com/offical__kishan__raj?igsh=cGRpd2R6a3psMnV4","tg":""},"categories":["Tools "]}